1,3-1,阿姨,a1 yi2,maternal aunt; step-mother; childcare worker; nursemaid; woman of similar age to one's parents (term of address used by child); CL:個|个[ge4],,
2,3-2,啊,a5,"modal particle ending sentence, showing affirmation, approval, or consent",,
3,3-3,矮,ai3,low; short (in length),,
4,1-1,爱,ai4,to love; affection; to be fond of; to like,,
5,3-5,爱好,ai4 hao4,to like; to take pleasure in; keen on; fond of; interest; hobby; appetite for; CL:個|个[ge4],,
6,3-6,安静,an1 jing4,quiet; peaceful; calm,,
7,1-2,八,ba1,eight; 8,,
8,3-8,把,ba3,to hold; to contain; to grasp; to take hold of; a handle; particle marking the following noun as a direct object; classifier for objects with handle,,
9,1-3,爸爸,ba4 ba5,"(informal) father; CL:個|个[ge4],位[wei4]",,
10,2-4,吧,ba5,(modal particle indicating polite suggestion); ...right?; ...OK?,,
11,2-5,白,bai2,white; snowy; pure; bright; empty; blank; plain; clear; to make clear; in vain; gratuitous; free of charge; reactionary; anti-communist; funeral; to stare coldly; to write wrong character; to state; to explain; vernacular; spoken lines in opera; surname Bai,,
12,2-6,百,bai3,hundred; numerous; all kinds of; surname Bai,,
13,3-13,班,ban1,team; class; squad; work shift; classifier for groups; ranking; surname Ban; CL:個|个[ge4],,
14,3-14,搬,ban1,to move; to shift; to remove; to transport; to apply indiscriminately; to copy mechanically,,
15,3-15,半,ban4,half; semi-; incomplete; (after a number) and a half,,
16,3-16,办法,ban4 fa3,"means; method; way (of doing sth); CL:條|条[tiao2],個|个[ge4]",,
17,3-17,办公室,ban4 gong1 shi4,an office; business premises; a bureau; CL:間|间[jian1],,
18,3-18,帮忙,bang1 mang2,to help; to lend a hand; to do a favor; to do a good turn,,
19,2-7,帮助,bang1 zhu4,assistance; aid; to help; to assist,,
20,3-20,包,bao1,"to cover; to wrap; to hold; to include; to take charge of; package; wrapper; container; bag; to hold or embrace; bundle; packet; to contract (to or for); surname Bao; CL:個|个[ge4],隻|只[zhi1]",,
21,3-21,饱,bao3,to eat till full; satisfied,,
22,2-8,报纸,bao4 zhi3,"newspaper; newsprint; CL:份[fen4],期[qi1],張|张[zhang1]",,
23,1-4,杯子,bei1 zi5,"cup; glass; CL:個|个[ge4],支[zhi1],枝[zhi1]",,
24,3-24,北方,bei3 fang1,north; the northern part a country; China north of the Yellow River,,
25,1-5,北京,Bei3 jing1,"Beijing, capital of People's Republic of China; Peking; PRC government",,
26,3-26,被,bei4,by (indicates passive-voice sentences or clauses); quilt; to cover (literary),,
27,1-6,本,ben3,"roots or stems of plants; origin; source; this; the current; root; foundation; basis; classifier for books, periodicals, files etc; originally",,
28,3-28,鼻子,bi2 zi5,"nose; CL:個|个[ge4],隻|只[zhi1]",,
29,2-12,比,bi3 ,"(particle used for comparison and ""-er than""); to compare; to contrast; to gesture (with hands); ratio",,
30,3-30,比较,bi3 jiao4,compare; contrast; fairly; comparatively; relatively; quite; rather,,
31,3-31,比赛,bi3 sai4,"competition (sports etc); match; CL:場|场[chang3],次[ci4]",,
32,3-32,必须,bi4 xu1,to have to; must; compulsory; necessarily,,
33,3-33,变化,bian4 hua4,change; variation; to change; to vary; CL:個|个[ge4],,
34,3-34,表示,biao3 shi4,to express; to show; to say; to state; to indicate; to mean,,
35,3-35,表演,biao3 yan3,play; show; performance; exhibition; to perform; to act; to demonstrate; CL:場|场[chang3],,
36,2-13,别,bie2,to leave; to depart; to separate; to distinguish; to classify; other; another; do not; must not; to pin,,
37,3-37,别人,bie2 ren2,other people; others; other person,,
38,3-38,宾馆,bin1 guan3,"guesthouse; CL:個|个[ge4],家[jia1]",,
39,3-39,冰箱,bing1 xiang1,"icebox; freezer cabinet; refrigerator; CL:臺|台[tai2],個|个[ge4]",,
40,1-7,不客气,bu2 ke4 qi5,you're welcome; impolite; rude; blunt; don't mention it,,
41,1-8,不,bu4,(negative prefix); not; no,,
42,3-42,才,cai2,ability; talent; endowment; gift; an expert; only (then); only if; just,,
43,1-9,菜,cai4,"dish (type of food); vegetables; vegetable; cuisine; CL:盤|盘[pan2],道[dao4]",,
44,3-44,菜单,cai4 dan1,"menu; CL:份[fen4],張|张[zhang1]",,
45,3-45,参加,can1 jia1,to participate; to take part; to join,,
46,3-46,草,cao3,"grass; straw; manuscript; draft (of a document); careless; rough; CL:棵[ke1],撮[zuo3],株[zhu1],根[gen1]",,
47,3-47,层,ceng2,layer; stratum; laminated; floor (of a building); storey; classifier for layers; repeated; sheaf (math.),,
48,1-10,茶,cha2,"tea; tea plant; CL:杯[bei1],壺|壶[hu2]",,
49,3-49,差,cha4,differ from; short of; to lack; poor,,
50,2-18,长,chang2,length; long; forever; always; constantly,,
51,2-19,唱歌,chang4 ge1,to sing a song,,
52,3-52,超市,chao1 shi4,supermarket (abbr.); CL:家[jia1],,
53,3-53,衬衫,chen4 shan1,shirt; blouse; CL:件[jian4],,
54,3-54,成绩,cheng2 ji4,"achievement; performance records; grades; CL:項|项[xiang4],個|个[ge4]",,
55,3-55,城市,cheng2 shi4,city; town; CL:座[zuo4],,
56,1-11,吃,chi1,to eat; to have one's meal; to eradicate; to destroy; to absorb; to suffer; to exhaust,,
57,3-57,迟到,chi2 dao4,to arrive late,,
58,2-21,出,chu1,"to go out; to come out; to occur; to produce; to go beyond; to rise; to put forth; to happen; classifier for dramas, plays, operas etc",,
59,3-59,出现,chu1 xian4,to appear; to arise; to emerge; to show up,,
60,1-12,出租车,chu1 zu1 che1,taxi,,
61,3-61,厨房,chu2 fang2,kitchen; CL:間|间[jian1],,
62,3-62,除了,chu2 le5,besides; apart from (... also...); in addition to; except (for),,
63,2-23,穿,chuan1,to bore through; pierce; perforate; penetrate; pass through; to dress; to wear; to put on; to thread,,
64,2-24,船,chuan2,"a boat; vessel; ship; CL:條|条[tiao2],艘[sou1],隻|只[zhi1]",,
65,3-65,春,chun1,spring (time); gay; joyful; youthful; love; lust; life,,
66,3-66,词语,ci2 yu3,word (general term including monosyllables through to short phrases); term (e.g. technical term); expression,,
67,2-25,次,ci4,"next in sequence; second; the second (day, time etc); secondary; vice-; sub-; infra-; inferior quality; substandard; order; sequence; hypo- (chemistry); classifier for enumerated events: time",,
68,3-68,聪明,cong1 ming5,acute (of sight and hearing); clever; intelligent; bright; smart,,
69,2-26,从,cong2,"from; via; passing through; through (a gap); past; ever (followed by negative, meaning never); (formerly pr. zong4 and related to 縱|纵) to follow; to comply with; to obey; to join; to engage in; adopting some mode of action or attitude; follower; retainer; accessory; accomplice; related by common paternal grandfather or earlier ancestor; surname Cong",,
70,2-27,错,cuo4,mistake; error; blunder; fault; cross; uneven; wrong; CL:個|个[ge4],,
71,1-13,打电话,da3 dian4 hua4,to make a telephone call,,
72,2-29,打篮球,da3 lan2 qiu2,play basketball,,
73,3-73,打扫,da3 sao3,to clean; to sweep,,
74,3-74,打算,da3 suan4,to plan; to intend; to calculate; plan; intention; calculation; CL:個|个[ge4],,
75,1-14,大,da4,big; huge; large; major; great; wide; deep; oldest; eldest,,
76,2-31,大家,da4 jia1,authority; everyone,,
77,3-77,带,dai4,band; belt; girdle; ribbon; tire; area; zone; region; CL:條|条[tiao2]; to wear; to carry; to lead; to bring; to look after; to raise,,
78,3-78,担心,dan1 xin1,anxious; worried; uneasy; to worry; to be anxious,,
79,3-79,蛋糕,dan4 gao1,"cake; CL:塊|块[kuai4],個|个[ge4]",,
80,2-32,但是,dan4 shi4,but; however,,
81,3-81,当然,dang1 ran2,only natural; as it should be; certainly; of course; without doubt,,
82,2-33,到,dao4,to (a place); until (a time); up to; to go; to arrive,,
83,3-83,地,de5,"-ly; structural particle: used before a verb or adjective, linking it to preceding modifying adverbial adjunct",,
84,1-15,的,de5,"of; structural particle: used before a noun, linking it to preceding possessive or descriptive attributive",,
85,2-35,得,de5,"structural particle: used after a verb (or adjective as main verb), linking it to following phrase indicating effect, degree, possibility etc",,
86,3-86,灯,deng1,lamp; light; lantern; CL:盞|盏[zhan3],,
87,2-36,等,deng3,to wait for; to await,,
88,3-88,低,di1,low; beneath; to lower (one's head); to let droop; to hang down; to incline,,
89,2-37,弟弟,di4 di5,"younger brother; CL:個|个[ge4],位[wei4]",,
90,3-90,地方,di4 fang1,region; regional (away from the central administration),,
91,3-91,地铁,di4 tie3,subway; metro,,
92,3-92,地图,di4 tu2,"map; CL:張|张[zhang1],本[ben3]",,
93,2-38,第一,di4 yi1,first; number one,,
94,1-16,点,dian3,drop (of liquid); stain; spot; speck; jot; dot stroke (in Chinese characters); decimal point; point; mark (of degree or level); a place (with certain characteristics); iron bell; o’clock; a little; a bit; some; (point) unit of measurement for type; to touch on briefly; to make clear; to light; to ignite; to kindle; period of time at night (24 minutes) (old); a drip; to dibble; classifier for small indeterminate quantities,,
95,1-17,电脑,dian4 nao3,computer; CL:臺|台[tai2],,
96,1-18,电视,dian4 shi4,"television; TV; CL:臺|台[tai2],個|个[ge4]",,
97,3-97,电梯,dian4 ti1,"elevator; CL:臺|台[tai2],部[bu4]",,
98,1-19,电影,dian4 ying3,"movie; film; CL:部[bu4],片[pian4],幕[mu4],場|场[chang3]",,
99,3-99,电子邮件,dian4 zi3 you2 jian4,electronic mail; email; CL:封[feng1],,
100,3-100,东,dong1,east; host (i.e. sitting on east side of guest); landlord; surname Dong,,
101,1-20,东西,dong1 xi5,"thing; stuff; person; CL:個|个[ge4],件[jian4]",,
102,3-102,冬,dong1,winter,,
103,2-44,懂,dong3,to understand; to know,,
104,3-104,动物,dong4 wu4,"animal; CL:隻|只[zhi1],群[qun2],個|个[ge4]",,
105,1-21,都,dou1,"all, both; entirely (due to) each; even; already",,
106,1-22,读,du2,"to read; to study; reading of word (i.e. pronunciation), similar to 拼音[pin1 yin1]",,
107,3-107,短,duan3,short or brief; to lack; weak point; fault,,
108,3-108,段,duan4,"paragraph; section; segment; stage (of a process); classifier for stories, periods of time, lengths of thread etc",,
109,3-109,锻炼,duan4 lian4,to engage in physical exercise; to toughen; to temper,,
110,2-47,对,dui4,couple; pair; to be opposite; to oppose; to face; versus; for; to; correct (answer); to answer; to reply; to direct (towards sth); right,,
111,1-23,对不起,dui4 bu5 qi3,unworthy; to let down; I'm sorry; excuse me; pardon me; if you please; sorry? (please repeat),,
112,1-24,多,duo1,many; much; a lot of; numerous; multi-,,
113,3-113,多么,duo1 me5,how (wonderful etc); what (a great idea etc); however (difficult it may be etc),,
114,1-25,多少,duo1 shao3,number; amount; somewhat,,
115,3-115,饿,e4,to be hungry; hungry,,
116,3-116,而且,er2 qie3,(not only ...) but also; moreover; in addition; furthermore,,
117,1-26,儿子,er2 zi5,son,,
118,3-118,耳朵,er3 duo5,"ear; CL:隻|只[zhi1],個|个[ge4],對|对[dui4]",,
119,1-27,二,er4,two; 2; stupid (Beijing dialect),,
120,3-120,发烧,fa1 shao1,have a high temperature (from illness); have a fever,,
121,3-121,发现,fa1 xian4,to find; to discover,,
122,1-28,饭馆,fan4 guan3,restaurant; CL:家[jia1],,
123,3-123,方便,fang1 bian4,convenient; to help out; to make things easy for people; convenience; suitable; having money to spare; (euphemism) to go to the toilet,,
124,2-54,房间,fang2 jian1,room; CL:間|间[jian1],,
125,3-125,放,fang4,to release; to free; to let go; to put; to place; to let out; to set off (fireworks),,
126,3-126,放心,fang4 xin1,to set one's mind at rest; to be at ease; to rest,,
127,2-55,非常,fei1 chang2,unusual; extraordinary; extreme; very; exceptional,,
128,1-29,飞机,fei1 ji1,airplane; CL: 架[jia4],,
129,3-129,分,fen1,to divide; to separate; to allocate; to distinguish (good and bad); part or subdivision; fraction; one tenth (of certain units); unit of length equivalent to 0.33 cm; minute; a point (in sports or games); 0.01 yuan (unit of money),,
130,1-30,分钟,fen1 zhong1,minute,,
131,2-58,服务员,fu2 wu4 yuan2,waiter; waitress; attendant; customer service personnel; CL:個|个[ge4],,
132,3-132,附近,fu4 jin4,(in the) vicinity; nearby; neighboring; next to,,
133,3-133,复习,fu4 xi2,to revise; to review; revision; CL:次[ci4],,
134,3-134,干净,gan1 jing4,clean; neat,,
135,3-135,敢,gan3,to dare; daring; (polite) may I venture,,
136,3-136,感冒,gan3 mao4,"to catch cold; (common) cold; CL:場|场[chang2],次[ci4]",,
137,3-137,刚才,gang1 cai2,just now; a moment ago,,
138,2-59,高,gao1,high; tall; above average; loud; your (honorific); surname Gao,,
139,1-31,高兴,gao1 xing4,happy; glad; willing (to do sth); in a cheerful mood,,
140,2-61,告诉,gao4 su5,to tell; to inform; to let know,,
141,2-62,哥哥,ge1 ge5,"older brother; CL:個|个[ge4],位[wei4]",,
142,1-32,个,ge4,individual; this; that; size; classifier for people or objects in general,,
143,2-64,给,gei3,to; for; for the benefit of; to give; to allow; to do sth (for sb); (passive particle),,
144,3-144,跟,gen1,heel; to follow closely; to go with; to marry sb (of woman); with; towards; as (compared to); from (different from); and (in addition to),,
145,3-145,根据,gen1 ju4,according to; based on; basis; foundation; CL:個|个[ge4],,
146,3-146,更,geng1,to change or replace; to experience; one of the five two hour periods into which the night was formerly divided; watch (eg of a sentry or guard),,
147,2-65,公共汽车,gong1 gong4 qi4 che1,"bus; CL:輛|辆[liang4],班[ban1]",,
148,2-66,公斤,gong1 jin1,kilogram (kg),,
149,2-67,公司,gong1 si1,(business) company; company; firm; corporation; incorporated; CL:家[jia1],,
150,3-150,公园,gong1 yuan2,public park; CL:場|场[chang3],,
151,1-33,工作,gong1 zuo4,"job; work; construction; task; CL:個|个[ge4],份[fen4],項|项[xiang4]",,
152,1-34,狗,gou3,"dog; CL:隻|只[zhi1],條|条[tiao2]",,
153,3-153,故事,gu4 shi4,old practice; CL:個|个[ge4],,
154,3-154,刮风,gua1 feng1,to be windy,,
155,3-155,关,guan1,mountain pass; to close; to shut; to turn off; to concern; to involve,,
156,3-156,关系,guan1 xi4,relation; relationship; to concern; to affect; to have to do with; guanxi; CL:個|个[ge4],,
157,3-157,关心,guan1 xin1,to care for sth; caring; concerned,,
158,3-158,关于,guan1 yu2,pertaining to; concerning; regarding; with regards to; about; a matter of,,
159,2-70,贵,gui4,expensive; noble; your (name); precious,,
160,3-160,国家,guo2 jia1,country; nation; state; CL:個|个[ge4],,
161,3-161,果汁,guo3 zhi1,fruit juice,,
162,3-162,过去,guo4 qu5,(in the) past; former; previous; to go over; to pass by,,
163,2-71,过,guo4,(experienced action marker); to cross; to go over; to pass (time); to celebrate (a holiday); to live; to get along; excessively; too-; surname Guo,,
164,2-72,还,hai2,still; still in progress; still more; yet; even more; in addition; fairly; passably (good); as early as; even; also; else,,
165,3-165,还是,hai2 shi4,or; still; nevertheless,,
166,2-73,孩子,hai2 zi5,child,,
167,3-167,害怕,hai4 pa4,to be afraid; to be scared,,
168,1-35,汉语,Han4 yu3,Chinese language; CL:門|门[men2],,
169,1-36,好,hao3,good; well; proper; good to; easy to; very; so; (suffix indicating completion or readiness),,
170,2-76,好吃,hao3 chi1,tasty; delicious,,
171,2-77,号,hao4,day of a month; (suffix used after) name of a ship; (ordinal) number,,
172,1-37,喝,he1,to drink; to shout (a command); My goodness!,,
173,1-38,和,he2,and; together with; with; sum; union; peace; harmony; surname He; Japanese related; Taiwan pr.  han4,,
174,3-174,河,he2,"river; CL:條|条[tiao2],道[dao4]",,
175,2-80,黑,hei1,black; dark; abbr. for Heilongjiang 黑龍江|黑龙江 province in northeast China,,
176,3-176,黑板,hei1 ban3,"blackboard; CL:塊|块[kuai4],個|个[ge4]",,
177,1-39,很,hen3,(adverb of degree); quite; very; awfully,,
178,2-82,红,hong2,bonus; popular; red; revolutionary,,
179,1-40,后面,hou4 mian5,rear; back; behind; later; afterwards,,
180,3-180,护照,hu4 zhao4,"passport; CL:本[ben3],個|个[ge4]",,
181,3-181,花,hua1,"flower; blossom; fancy pattern; CL:朵[duo3],支[zhi1],束[shu4],把[ba3],盆[pen2],簇[cu4]; to spend (money, time); surname Hua",,
182,3-182,花园,hua1 yuan2,"garden; CL:座[zuo4],個|个[ge4]",,
183,3-183,画,hua4,"to draw; picture; painting; CL:幅[fu2],張|张[zhang1]",,
184,3-184,坏,huai4,bad; spoiled; broken; to break down,,
185,2-84,欢迎,huan1 ying2,to welcome; welcome,,
186,3-186,还,huan3,to pay back; to return; surname Huan,,
187,3-187,环境,huan2 jing4,environment; circumstances; surroundings; CL:個|个[ge4]; ambient,,
188,3-188,换,huan4,change; exchange,,
189,3-189,黄,huang2,yellow; pornographic; to fall through,,
190,1-41,回,hui2,to circle; to go back; to turn around; to answer; to return; to revolve; Hui ethnic group (Chinese Muslims); time; classifier for acts of a play; section or chapter (of a classic book),,
191,2-86,回答,hui2 da2,to reply; to answer; the answer; CL:個|个[ge4],,
192,1-42,会,hui4,can; be possible; be able to; will; be likely to; be sure to; to assemble; to meet; to gather; to see; union; group; association; CL:個|个[ge4]; a moment (Taiwan pr. for this sense is hui3),,
193,3-193,会议,hui4 yi4,"meeting; conference; CL:場|场[chang3],屆|届[jie4]",,
194,1-43,火车站,huo3 che1 zhan4,train station,,
195,3-195,或者,huo4 zhe3,or; possibly; maybe; perhaps,,
196,2-89,机场,ji1 chang3,"airport; airfield; CL:家[jia1],處|处[chu4]",,
197,2-90,鸡蛋,ji1 dan4,"(chicken) egg; hen's egg; CL:個|个[ge4],打[da2]",,
198,3-198,几乎,ji1 hu1,almost; nearly; practically,,
199,3-199,机会,ji1 hui4,opportunity; chance; occasion; CL:個|个[ge4],,
200,3-200,极,ji2,"extremely; pole (geography, physics); utmost; top",,
201,1-44,几,ji3,how much; how many; several; a few,,
202,3-202,记得,ji4 de5,to remember,,
203,3-203,季节,ji4 jie2,time; season; period; CL:個|个[ge4],,
204,1-45,家,jia1,"home; family; classifier for families or businesses; refers to the philosophical schools of pre-Han China; noun suffix for specialists in some activity such as musician or revolutionary, corresponds to English -ist, -er, -ary or -ian; surname Jia; CL:個|个[ge4]",,
205,3-205,检查,jian3 cha2,inspection; to examine; to inspect; CL:次[ci4],,
206,3-206,简单,jian3 dan1,simple; not complicated,,
207,2-93,件,jian4,"item; component; classifier for events, things, clothes etc",,
208,3-208,健康,jian4 kang1,health; healthy,,
209,3-209,见面,jian4 mian4,to meet; to see sb; CL:次[ci4],,
210,3-210,讲,jiang3,to speak; to explain; to negotiate; to emphasise; to be particular about; as far as sth is concerned; speech; lecture,,
211,3-211,教,jiao1,to teach,,
212,3-212,脚,jiao3,"foot; leg; base; kick; CL:雙|双[shuang1],隻|只[zhi1]",,
213,3-213,角,jiao3,angle; corner; horn; horn-shaped; unit of money equal to 0.1 yuan; CL:個|个[ge4],,
214,1-46,叫,jiao4,to shout; to call; to order; to ask; to be called; by (indicates agent in the passive mood),,
215,2-95,教室,jiao4 shi4,classroom; CL:間|间[jian1],,
216,3-216,接,jie1,to receive; to answer (the phone); to meet or welcome sb; to connect; to catch; to join; to extend; to take one's turn on duty; take over for sb,,
217,3-217,街道,jie1 dao4,street; CL:條|条[tiao2],,
218,3-218,结婚,jie2 hun1,to marry; to get married; CL:次[ci4],,
219,3-219,结束,jie2 shu4,termination; to finish; to end; to conclude; to close,,
220,3-220,节目,jie2 mu4,"program; item (on a program); CL:臺|台[tai2],個|个[ge4],套[tao4]",,
221,3-221,节日,jie2 ri4,holiday; festival; CL:個|个[ge4],,
222,2-96,姐姐,jie3 jie5,older sister; CL:個|个[ge4],,
223,3-223,解决,jie3 jue2,to settle (a dispute); to resolve; to solve,,
224,3-224,借,jie4,to lend; to borrow; excuse; pretext; by means of; to seize (an opportunity); to take (an opportunity),,
225,2-97,介绍,jie4 shao4,to present; to introduce; to recommend; to suggest; to let know; to brief,,
226,1-47,今天,jin1 tian1,today; at the present; now,,
227,2-99,进,jin4,"to advance; to enter; to come (or go) into; to receive or admit; to eat or drink; to submit or present; (used after a verb) into, in; to score a goal",,
228,2-100,近,jin4,near; close to; approximately,,
229,3-229,经常,jing1 chang2,day to day; everyday; daily; frequently; constantly; regularly; often,,
230,3-230,经过,jing1 guo4,to pass; to go through; process; course; CL:個|个[ge4],,
231,3-231,经理,jing1 li3,"manager; director; CL:個|个[ge4],位[wei4],名[ming2]",,
232,1-48,九,jiu3,nine; 9,,
233,3-233,久,jiu3,(long) time; (long) duration of time,,
234,3-234,旧,jiu4,old; opposite: new 新; former; worn (with age),,
235,2-102,就,jiu4,at once; right away; only; just (emphasis); as early as; already; as soon as; then; in that case; as many as; even if; to approach; to move towards; to undertake; to engage in; to suffer; subjected to; to accomplish; to take advantage of; to go with (of foods); with regard to; concerning,,
236,3-236,举行,ju3 xing2,"to hold (a meeting, ceremony etc)",,
237,3-237,句子,ju4 zi5,sentence; CL:個|个[ge4],,
238,2-103,觉得,jue2 de5,to think; to feel,,
239,3-239,决定,jue2 ding4,"to decide (to do something); to resolve; decision; CL:個|个[ge4],項|项[xiang4]; certainly",,
240,2-104,咖啡,ka1 fei1,coffee; CL:杯[bei1],,
241,1-49,开,kai1,to open; to start; to turn on; to boil; to write out (a medical prescription); to operate (vehicle); abbr. for 開爾文|开尔文 degrees Kelvin,,
242,2-106,开始,kai1 shi3,to begin; beginning; to start; initial; CL:個|个[ge4],,
243,1-50,看,kan4,to see; to look at; to read; to watch; to consider; to regard as; to view as; to treat as; to judge; (after repeated verb) to give it a try; depending on (how you're judging); to visit; to call on; to treat (an illness); to look after; Watch out! (for a danger),,
244,1-51,看见,kan4 jian4,to see; to catch sight of,,
245,2-109,考试,kao3 shi4,exam; CL:次[ci4],,
246,3-246,渴,ke3,thirsty,,
247,3-247,可爱,ke3 ai4,amiable; cute; lovely,,
248,2-110,可能,ke3 neng2,might (happen); possible; probable; possibility; probability; maybe; perhaps; CL:個|个[ge4],,
249,2-111,可以,ke3 yi3,can; may; possible; able to,,
250,3-250,刻,ke4,quarter (hour); moment; to carve; to engrave; to cut; oppressive; classifier for short time intervals,,
251,2-112,课,ke4,"subject; course; class; lesson; CL:堂[tang2],节|節[jie2],門|门[men2]",,
252,3-252,客人,ke4 ren2,visitor; guest; customer; client; CL:位[wei4],,
253,3-253,空调,kong1 tiao2,air conditioning,,
254,3-254,口,kou3,"mouth; classifier for things with mouths (people, domestic animals, cannons, wells etc)",,
255,3-255,哭,ku1,to cry; to weep,,
256,3-256,裤子,ku4 zi5,trousers; pants; CL:條|条[tiao2],,
257,1-52,块,kuai4,"lump (of earth); chunk; piece; classifier for pieces of cloth, cake, soap etc; colloquial word for yuan (or other unit of currency such as Hong Kong or US dollar etc), usually as 塊錢|块钱",,
258,2-114,快,kuai4,rapid; quick; speed; rate; soon; almost; to make haste; clever; sharp (of knives or wits); forthright; plain-spoken; gratified; pleased; pleasant,,
259,2-115,快乐,kuai4 le4,happy; merry,,
260,3-260,筷子,kuai4 zi5,"chopsticks; CL:對|对[dui4],根[gen1],把[ba3],雙|双[shuang1]",,
261,1-53,来,lai2,to come; to arrive; to come round; ever since; next,,
262,3-262,蓝,lan2,blue; indigo plant,,
263,3-263,老,lao3,prefix used before the surname of a person or a numeral indicating the order of birth of the children in a family or to indicate affection or familiarity; old (of people); venerable (person); experienced; of long standing; always; all the time; of the past; very; outdated; (of meat etc) tough,,
264,1-54,老师,lao3 shi1,"teacher; CL:個|个[ge4],位[wei4]",,
265,1-55,了,le5,(modal particle intensifying preceding clause); (completed action marker),,
266,2-119,累,lei4,tired; weary; to strain; to wear out; to work hard,,
267,1-56,冷,leng3,cold,,
268,2-121,离,li2,to leave; to part from; to be away from; (in giving distances) from; without (sth); independent of; one of the eight trigrams of the Book of Changes representing fire (old),,
269,3-269,离开,li2 kai1,to depart; to leave,,
270,1-57,里,li3,lining; interior; inside; internal; also written 裡|里 [li3],,
271,3-271,礼物,li3 wu4,"gift; present; CL:件[jian4],個|个[ge4],份[fen4]",,
272,3-272,历史,li4 shi3,"history; CL:門|门[men2],段[duan4]",,
273,3-273,脸,lian3,"face; CL:張|张[zhang1],個|个[ge4]",,
274,3-274,练习,lian4 xi2,exercise; drill; practice; CL:個|个[ge4],,
275,2-123,两,liang3,both; two; ounce; some; a few; tael; weight equal to 50 grams,,
276,3-276,辆,liang4,classifier for vehicles,,
277,3-277,了解,liao3 jie3,to understand; to realize; to find out,,
278,3-278,邻居,lin2 ju1,neighbor; next door; CL:個|个[ge4],,
279,1-58,零,ling2,zero; nought; zero sign; fractional; fragmentary; odd (of numbers); (placed between two numbers to indicate a smaller quantity followed by a larger one); fraction; (in mathematics) remainder (after division); extra; to wither and fall; to wither,,
280,1-59,六,liu4,six; 6,,
281,3-281,楼,lou2,"house with more than 1 story; storied building; floor; CL:層|层[ceng2],座[zuo4],棟|栋[dong4]",,
282,2-126,路,lu4,road; path; way; CL:條|条[tiao2],,
283,2-127,旅游,lv3 you2,trip; journey; tourism; travel; tour,,
284,3-284,绿,lv4,green,,
285,1-60,妈妈,ma1 ma5,"mama; mommy; mother; CL:個|个[ge4],位[wei4]",,
286,3-286,马,ma3,horse; abbr. for Malaysia 馬來西亞|马来西亚,,
287,,马上,ma3 shang4,"at once, right away, immediately; lit. on horseback",,
288,1-61,吗,ma5,(question tag),,
289,1-62,买,mai3,to buy; to purchase,,
290,2-131,卖,mai4,to sell; to betray; to spare no effort; to show off or flaunt,,
291,3-291,满意,man3 yi4,satisfied; pleased; to one's satisfaction,,
292,2-132,慢,man4,slow,,
293,2-133,忙,mang2,busy; hurriedly,,
294,1-63,猫,mao1,cat; CL:隻|只[zhi1],,
295,3-295,帽子,mao4 zi5,hat; cap; CL:頂|顶[ding3],,
296,1-64,没,mei2,(negative prefix for verbs); have not; not,,
297,1-65,没关系,mei2 guan1 xi5,it doesn't matter,,
298,2-137,每,mei3,each; every,,
299,2-138,妹妹,mei4 mei5,younger sister; fig. younger woman (esp. girl friend or rival); CL:個|个[ge4],,
300,2-139,门,men2,"gate; door; CL:扇[shan4]; gateway; doorway; CL:個|个[ge4]; opening; valve; switch; way to do something; knack; family; house; (religious) sect; school (of thought); class; category; phylum or division (taxonomy); classifier for large guns; classifier for lessons, subjects, branches of technology",,
301,3-301,米,mi3,rice; CL:粒[li4]; meter (classifier),,
302,1-66,米饭,mi3 fan4,(cooked) rice,,
303,3-303,面包,mian4 bao1,"bread; CL:片[pian4],袋[dai4],塊|块[kuai4]",,
304,3-304,面条,mian4 tiao2,noodles,,
305,3-305,明白,ming2 bai5,clear; obvious; unequivocal; to understand; to realize,,
306,1-67,明天,ming2 tian1,tomorrow,,
307,1-68,名字,ming2 zi5,name (of a person or thing); CL:個|个[ge4],,
308,3-308,拿,na2,to hold; to seize; to catch; to apprehend; to take,,
309,1-69,哪,na3,how; which,,
309,1-69,哪儿,na3 r5,where?; wherever; anywhere,,
310,1-70,那,na4,"that; those; then (in that case); commonly pr. nei4 before a classifier, esp. in Beijing",,
310,1-70,那儿,na4 r5,there,,
311,3-311,奶奶,nai3 nai5,(informal) father's mother; paternal grandmother; CL:位[wei4],,
312,3-312,南,nan2,south,,
313,2-145,男人,nan2 ren2,a man; a male; men; CL:個|个[ge4],,
314,3-314,难,nan2,difficult (to...); problem; difficulty; difficult; not good,,
315,3-315,难过,nan2 guo4,feel sorry; be grieved,,
316,1-71,呢,ne5,(question particle for subjects already mentioned),,
317,1-72,能,neng2,to be able to; to be capable of; ability; capability; able; capable; can possibly; (usually used in the negative) to have the possibility of,,
318,1-73,你,ni3,"you (informal, as opposed to polite 您[nin2])",,
319,1-74,年,nian2,year; CL:個|个[ge4],,
320,3-320,年级,nian2 ji2,grade; CL:個|个[ge4],,
321,3-321,年轻,nian2 qing1,young,,
322,3-322,鸟,niao3,"bird; CL:隻|只[zhi1],群[qun2]",,
323,2-150,您,nin2,"you (polite, as opposed to informal 你[ni3])",,
324,2-151,牛奶,niu2 nai3,"cow's milk; CL:瓶[ping2],杯[bei1]",,
325,3-325,努力,nu3 li4,great effort; to strive; to try hard,,
326,1-75,女儿,nv3 er2,daughter,,
327,2-153,女人,nv3 ren2,woman,,
328,3-328,爬山,pa2 shan1,to climb a mountain; to mountaineer; hiking; mountaineering,,
329,3-329,盘子,pan2 zi5,tray; plate; dish; CL:個|个[ge4],,
330,2-154,旁边,pang2 bian1,lateral; side; to the side; beside,,
331,3-331,胖,pang4,fat; plump,,
332,2-155,跑步,pao3 bu4,to walk quickly; to march; to run,,
333,1-76,朋友,peng2 you5,"friend; CL:個|个[ge4],位[wei4]",,
334,3-334,啤酒,pi2 jiu3,"beer; CL:杯[bei1],瓶[ping2],罐[guan4],桶[tong3],缸[gang1]",,
335,2-157,便宜,pian2 yi5,small advantages; to let sb off lightly; cheap; inexpensive,,
336,2-158,票,piao4,ticket; ballot; bank note; CL:張|张[zhang1]; person held for ransom; amateur performance of Chinese opera; classifier for shipments and business transactions (topolect),,
337,1-77,漂亮,piao4 liang5,pretty; beautiful,,
338,1-78,苹果,ping2 guo3,"apple; CL:個|个[ge4],顆|颗[ke1]",,
339,3-339,葡萄,pu2 tao5,grape,,
340,3-340,普通话,pu3 tong1 hua4,Mandarin (common language); Putonghua (common speech of the Chinese language); ordinary speech,,
341,1-79,七,qi1,seven; 7,,
342,2-162,妻子,qi1 zi5,wife; CL:個|个[ge4],,
343,3-343,其实,qi2 shi2,"actually, in fact, really",,
344,3-344,其他,qi2 ta1,other; the others; else; other than (that person); in addition to the person mentioned above,,
345,3-345,骑,qi2,to ride (an animal or bike); to sit astride,,
347,2-163,起床,qi3 chuang2,to get up,,
348,2-164,千,qian1,thousand,,
349,3-349,铅笔,qian1 bi3,"(lead) pencil; CL:支[zhi1],枝[zhi1],桿|杆[gan3]",,
350,1-80,钱,qian2,coin; money; CL:筆|笔[bi3],,
351,1-81,前面,qian2 mian4,ahead; in front; preceding; above,,
352,3-352,清楚,qing1 chu5,clear; clearly understood; distinct,,
353,2-167,晴,qing2,clear; fine (weather),,
354,1-82,请,qing3,to ask; to invite; please (do sth); to treat (to a meal etc); to request,,
355,3-355,秋,qiu1,autumn; fall; harvest time; a swing; surname Qiu,,
356,1-83,去,qu4,to go; to go to (a place); to cause to go or send (sb); to remove; to get rid of; (when used either before or after a verb) to go in order to do sth; to be apart from in space or time; (after a verb of motion indicates movement away from the speaker); (used after certain verbs to indicate detachment or separation); (of a time or an event etc) just passed or elapsed,,
356,3-356,奇怪,qi2 guai4,strange; odd,,
357,2-170,去年,qu4 nian2,last year,,
358,3-358,裙子,qun2 zi5,skirt; CL:條|条[tiao2],,
359,3-359,然后,ran2 hou4,after; then (afterwards); after that; afterwards,,
360,2-171,让,rang4,to yield; to permit; to let sb do sth; to have sb do sth,,
361,1-84,热,re4,heat; to heat up; fervent; hot (of weather); warm up,,
362,3-362,热情 ,re4 qing2,cordial; enthusiastic; passion; passionate; passionately,,
363,1-85,人,ren2,"man; person; people; CL:個|个[ge4],位[wei4]",,
364,1-86,认识,ren4 shi5,to know; to recognize; to be familiar with; acquainted with sth; knowledge; understanding; awareness; cognition,,
365,3-365,认为,ren4 wei2,to believe; to think; to consider; to feel,,
366,3-366,认真,ren4 zhen1,conscientious; earnest; serious; to take seriously; to take to heart,,
367,1-87,日,ri4,"sun; day; date, day of the month; abbr. for 日本|日本 Japan",,
368,3-368,容易,rong2 yi4,easy; likely; liable (to),,
369,3-369,如果,ru2 guo3,if; in case; in the event that,,
370,1-88,三,san1,three; 3,,
371,3-371,伞,san3,umbrella; parasol; CL:把[ba3],,
372,1-89,商店,shang1 dian4,"store; shop; CL:家[jia1],個|个[ge4]",,
373,1-90,上,shang4,on; on top; upon; first (of multiple parts); previous; last; upper; higher; above; to climb; to go into; to go up; to attend (class or university),,
374,2-179,上班,shang4 ban1,to go to work; to be on duty; to start work; to go to the office,,
375,3-375,上网,shang4 wang3,to be on the internet; to stretch a net (in a sports game or for covering sth); to be netted (of fish),,
376,1-91,上午,shang4 wu3,morning; CL:個|个[ge4],,
377,1-92,少,shao3,few; little; lack,,
378,1-93,谁,shei2,who; also pronounced shui2,,
379,2-183,身体,shen1 ti3,(human) body; health; CL:個|个[ge4],,
380,1-94,什么,shen2 me5,what?; who?; something; anything,,
381,2-185,生病,sheng1 bing4,to fall ill; to sicken,,
382,3-382,生气,sheng1 qi4,angry; mad; offended; animated; to get angry; to be enraged; to take offense; animation,,
383,2-186,生日,sheng1 ri4,birthday; CL:個|个[ge4],,
384,3-384,声音,sheng1 yin1,voice; sound; CL:個|个[ge4],,
385,1-95,十,shi2,ten; 10,,
386,1-96,时候,shi2 hou5,time; length of time; moment; period,,
387,2-189,时间,shi2 jian1,time; period; CL:段[duan4],,
388,3-388,使,shi3,to make; to cause; to enable; to use; to employ; to send; to instruct sb to do sth; envoy; messenger,,
389,1-97,是,shi4,is; are; am; yes; to be,,
390,3-390,世界,shi4 jie4,world; CL:個|个[ge4],,
391,2-191,事情,shi4 qing2,"affair; matter; thing; business; CL:件[jian4],樁|桩[zhuang1]",,
392,2-192,手表,shou3 biao3,"wrist watch; CL:塊|块[kuai4],隻|只[zhi1],個|个[ge4]",,
393,2-193,手机,shou3 ji1,cell phone; cellular phone; mobile phone; CL:部[bu4],,
394,3-394,瘦,shou4,tight; thin; lean,,
395,1-98,书,shu1,"book; letter; CL:本[ben3],冊|册[ce4],部[bu4]; see also 書經|书经 Book of History",,
396,3-396,舒服,shu1 fu5,comfortable; feeling well,,
397,3-397,叔叔,shu1 shu5,father's younger brother; uncle; Taiwan pr. shu2 shu5; CL:個|个[ge4],,
398,3-398,树,shu4,tree; CL:棵[ke1],,
399,3-399,数学,shu4 xue2,mathematics; mathematical,,
400,3-400,刷牙,shua1 ya2,to brush teeth,,
401,3-401,双,shuang1,two; double; pair; both,,
402,1-99,水,shui3,water; river; liquid; beverage; additional charges or income; (of clothes) classifier for number of washes,,
403,1-100,水果,shui3 guo3,fruit; CL:個|个[ge4],,
404,3-404,水平,shui3 ping2,level (of achievement etc); standard; horizontal,,
405,1-101,睡觉,shui4 jiao4,to go to bed; to go to sleep,,
406,1-102,说话,shuo1 hua4,to speak; to say; to talk; to gossip; to tell stories; talk; word,,
407,3-407,司机,si1 ji1,chauffeur; driver; CL:個|个[ge4],,
408,1-103,四,si4,four; 4,,
409,2-200,送,song4,to deliver; to carry; to give (as a present); to present (with); to see off; to send,,
410,3-410,虽然,sui1 ran2,although; even though; even if,,
411,1-104,岁,sui4,classifier for years (of age); year; year (of crop harvests),,
412,2-202,所以,suo3 yi3,therefore; as a result; so,,
413,1-105,他,ta1,he or him; (used for either sex when the sex is unknown or unimportant); (used before sb's name for emphasis); (used as a meaningless mock object); other; another,,
414,1-106,她,ta1,she,,
415,2-205,它,ta1,it,,
416,1-107,太,tai4,highest; greatest; too (much); very; extremely,,
417,3-417,太阳,tai4 yang2,sun; CL:個|个[ge4],,
418,3-418,糖,tang2,"sugar; sweets; candy; CL:顆|颗[ke1],塊|块[kuai4]",,
419,3-419,特别,te4 bie2,especially; special; particular; unusual,,
420,3-420,疼,teng2,(it) hurts; love fondly; ache; pain; sore,,
421,2-207,踢足球,ti1 zu2 qiu2,play soccer(football),,
422,2-208,题,ti2,"topic; problem for discussion; exam question; subject; to inscribe; to mention; surname Ti; CL:個|个[ge4],道[dao4]",,
423,3-423,提高,ti2 gao1,to raise; to increase,,
424,3-424,体育,ti3 yu4,sports; physical education,,
425,1-108,天气,tian1 qi4,weather,,
426,3-426,甜,tian2,sweet,,
427,3-427,条,tiao2,"strip; item; article; clause (of law or treaty); classifier for long thin things (ribbon, river, road, trousers etc)",,
428,2-210,跳舞,tiao4 wu3,to dance,,
429,1-109,听,ting1,"to listen; to hear; to obey; a can (loanword from English ""tin""); classifier for canned beverages",,
430,3-430,同事,tong2 shi4,"colleague; co-worker; CL:個|个[ge4],位[wei4]",,
431,1-110,同学,tong2 xue2,"(fellow) classmate; CL:位[wei4],個|个[ge4]",,
432,3-432,同意,tong2 yi4,to agree; to consent; to approve,,
433,3-433,头发,tou2 fa5,hair (on the head),,
434,3-434,突然,tu1 ran2,sudden; abrupt; unexpected,,
435,3-435,图书馆,tu2 shu1 guan3,"library; CL:家[jia1],個|个[ge4]",,
436,3-436,腿,tui3,leg; CL:條|条[tiao2],,
437,2-213,外,wai4,outside; in addition; foreign; external,,
438,2-214,完,wan2,to finish; to be over; whole; complete; entire,,
439,3-439,完成,wan2 cheng2,complete; accomplish; perfect tense (grammar),,
440,2-215,玩,wan2,toy; sth used for amusement; curio or antique (Taiwan pr. wan4); to play; to have fun; to trifle with; to keep sth for entertainment,,
441,3-441,碗,wan3,"bowl; cup; CL:隻|只[zhi1],個|个[ge4]",,
442,2-216,晚上,wan3 shang5,in the evening; CL:個|个[ge4],,
443,3-443,万,wan4,ten thousand; a great number,,
444,3-444,忘记,wang4 ji4,to forget,,
445,1-111,喂,wei4,"hello (interj., esp. on telephone); hey; to feed (sb or some animal)",,
446,3-446,为,wei4,because of; for; to,,
447,3-447,为了,wei4 le5,in order to; for the purpose of; so as to,,
448,2-218,为什么,wei4 shen2 me5,why?; for what reason?,,
449,3-449,位,wei4,position; location; place; seat; classifier for people (honorific); classifier for binary bits (e.g. 十六位 16-bit or 2 bytes),,
450,3-450,文化,wen2 hua4,"culture; civilization; cultural; CL:個|个[ge4],種|种[zhong3]",,
451,2-219,问,wen4,to ask,,
452,2-220,问题,wen4 ti2,question; problem; issue; topic; CL:個|个[ge4],,
453,1-112,我,wo3,I; me; my,,
454,1-113,我们,wo3 men5,we; us; ourselves; our,,
455,1-114,五,wu3,five; 5,,
456,3-456,西,xi1,west,,
457,2-224,西瓜,xi1 gua1,watermelon; CL:條|条[tiao2],,
458,2-225,希望,xi1 wang4,to wish for; to desire; hope CL:個|个[ge4],,
459,3-459,习惯,xi2 guan4,habit; custom; usual practice; to be used to; CL:個|个[ge4],,
460,2-226,洗,xi3,to wash; to bathe,,
461,3-461,洗手间,xi3 shou3 jian1,toilet; lavatory; washroom,,
462,3-462,洗澡,xi3 zao3,to bathe; to take a shower,,
463,1-115,喜欢,xi3 huan5,to like; to be fond of,,
464,1-116,下,xia4,down; downwards; below; lower; later; next (week etc); second (of two parts); to decline; to go down,,
465,1-117,下午,xia4 wu3,afternoon; p.m.; CL:個|个[ge4],,
466,1-118,下雨,xia4 yu3,to rain; rainy,,
467,3-467,夏,xia4,summer,,
468,3-468,先,xian1,early; prior; former; in advance; first,,
469,1-119,先生,xian1 sheng5,"teacher; Mister (Mr.); husband; doctor (topolect); CL:個|个[ge4],位[wei4]",,
470,1-120,现在,xian4 zai4,now; at present; at the moment; modern; current; nowadays,,
471,3-471,香蕉,xiang1 jiao1,"banana; CL:枝[zhi1],根[gen1],個|个[ge4],把[ba3]",,
472,3-472,相同,xiang1 tong2,identical; same,,
473,3-473,相信,xiang1 xin4,be convinced (that something is true); believe; to accept sth as true,,
474,1-121,想,xiang3,to think; to believe; to suppose; to wish; to want; to miss,,
475,2-234,向,xiang4,direction; orientation; to face; to turn toward; to; towards; shortly before; formerly; to side with; to be partial to; all along (previously); surname Xiang,,
476,3-476,像,xiang4,(look) like; similar (to); appearance; to appear; to seem; image; portrait; resemble; seem,,
477,1-122,小,xiao3,small; tiny; few; young,,
478,1-123,小姐,xiao3 jie5,"young lady; miss; CL:個|个[ge4],位[wei4]",,
479,2-237,小时,xiao3 shi2,hour; CL:個|个[ge4],,
480,3-480,小心,xiao3 xin1,to be careful; to take care,,
481,2-238,笑,xiao4,laugh; smile; CL:個|个[ge4],,
482,3-482,校长,xiao4 zhang3,"(college, university) president; headmaster; CL:個|个[ge4],位[wei4],名[ming2]",,
483,1-124,些,xie1,some; few; several; (a measure word),,
484,3-484,鞋,xie2,"shoe; CL:雙|双[shuang1],隻|只[zhi1]",,
485,1-125,写,xie3,to write,,
486,1-126,谢谢,xie4 xie5,to thank; thanks,,
487,2-242,新,xin1,new; newly; meso- (chemistry),,
488,3-488,新闻,xin1 wen2,"news; CL:條|条[tiao2],個|个[ge4]",,
489,3-489,新鲜,xin1 xian1,"fresh (experience, food etc); freshness",,
490,3-490,信,xin4,letter; mail; to trust; to believe; to profess faith in; truthful; confidence; trust; at will; at random,,
491,1-127,星期,xing1 qi1,week; CL:個|个[ge4],,
492,3-492,行李箱,xing2 li5 xiang1,suitcase,,
493,2-244,姓,xing4,family name; surname; name; CL:個|个[ge4],,
494,3-494,兴趣,xing4 qu5,interest in (something); CL:個|个[ge4],,
495,3-495,熊猫,xiong2 mao1,panda; CL:隻|只[zhi1],,
496,2-245,休息,xiu1 xi5,rest; to rest,,
497,3-497,需要,xu1 yao4,to need; to want; to demand; needs; to require,,
498,3-498,选择,xuan3 ze2,to select; to pick; choice; option; alternative,,
499,1-128,学生,xue2 sheng5,student; school child,,
500,1-129,学习,xue2 xi2,to learn; to study,,
501,1-130,学校,xue2 xiao4,school; CL:所[suo3],,
502,2-249,雪,xue3,"snow; snowfall; CL:場|场[chang2]; to have the appearance of snow; to wipe away, off or out; to clean",,
503,2-250,颜色,yan2 se4,color; CL:個|个[ge4],,
504,3-504,眼镜,yan3 jing4,spectacles; eyeglasses; CL:副[fu4],,
505,2-251,眼睛,yan3 jing5,"eye; CL:隻|只[zhi1],雙|双[shuang1]",,
506,2-252,羊肉,yang2 rou4,mutton,,
507,3-507,要求,yao1 qiu2,to request; to require; to stake a claim; to ask; to demand; CL:點|点[dian3],,
508,2-253,药,yao4,"medicine; drug; cure; CL:種|种[zhong3],服[fu4]",,
509,2-254,要,yao4,important; vital; to want; will; going to (as future auxiliary); may; must,,
510,3-510,爷爷,ye2 ye5,(informal) father's father; paternal grandfather; CL:個|个[ge4],,
511,2-255,也,ye3,also; too; (in classical Chinese) final particle serving as copula,,
512,1-131,一,yi1,"one; 1; single; a (article); as soon as; entire; whole; all; throughout; ""one"" radical in Chinese characters (Kangxi radical 1)",,
513,1-132,衣服,yi1 fu5,"clothes; CL:件[jian4],套[tao4]",,
514,1-133,医生,yi1 sheng1,"doctor; CL:個|个[ge4],位[wei4],名[ming2]",,
515,1-134,医院,yi1 yuan4,"hospital; CL:所[suo3],家[jia1],座[zuo4]",,
516,3-516,一定,yi2 ding4,surely; certainly; necessarily; fixed; a certain (extent etc); given; particular; must,,
517,3-517,一共,yi2 gong4,altogether,,
518,3-518,一会儿,yi2 hui4 r5,a while,,
519,3-519,一样,yi2 yang4,same; like; equal to; the same as; just like,,
520,3-520,以后,yi3 hou4,after; later; afterwards; following; later on; in the future,,
521,3-521,以前,yi3 qian2,before; formerly; previous; ago,,
522,3-522,以为,yi3 wei2,to believe; to think; to consider; to be under the impression,,
523,2-260,已经,yi3 jing1,already,,
524,1-135,椅子,yi3 zi5,"chair; CL:把[ba3],套[tao4]",,
525,3-525,一般,yi4 ban1,same; ordinary; common; general; generally; in general,,
526,3-526,一边,yi4 bian1,one side; either side; on the one hand; on the other hand; doing while,,
527,2-262,一起,yi4 qi3,in the same place; together; with; altogether (in total),,
528,3-528,一直,yi4 zhi2,straight (in a straight line); continuously; always; from the beginning of ... up to ...; all along,,
529,2-263,意思,yi4 si5,idea; opinion; meaning; wish; desire; CL:個|个[ge4],,
530,2-264,阴,yin1,overcast (weather); cloudy; shady; Yin (the negative principle of Yin and Yang); negative (electric.); feminine; moon; implicit; hidden; genitalia,,
531,2-265,因为,yin1 wei4,because; owing to; on account of,,
532,3-532,音乐,yin1 yue4,"music; CL:張|张[zhang1],曲[qu3],段[duan4]",,
533,3-533,银行,yin2 hang2,"bank; CL:家[jia1],個|个[ge4]",,
534,3-534,应该,ying1 gai1,ought to; should; must,,
535,3-535,影响,ying3 xiang3,an influence; an effect; to influence; to affect (usually adversely); to disturb; CL:股[gu3],,
536,3-536,用,yong4,to use; to employ; to have to; to eat or drink; expense or outlay; usefulness; hence; therefore,,
537,3-537,游戏,you2 xi4,game; play; CL:場|场[chang3],,
538,2-266,游泳,you2 yong3,swim,,
539,1-136,有,you3,to have; there is; there are; to exist; to be,,
540,3-540,有名,you3 ming2,famous; well-known,,
541,3-541,又,you4,(once) again; also; both... and...; again,,
542,2-268,右边,you4 bian5,"right side; right, to the right",,
543,2-269,鱼,yu2,"fish; CL:條|条[tiao2],尾[wei3]",,
544,3-544,遇到,yu4 dao4,to meet; to run into; to come across,,
545,2-270,元,yuan2,Chinese monetary unit; dollar; primary; first; the Yuan or Mongol dynasty (1279-1368); surname Yuan,,
546,2-271,远,yuan3,far; distant; remote,,
547,3-547,愿意,yuan4 yi4,to wish; to want; ready; willing (to do sth),,
548,1-137,月,yue4,"moon; month; CL:個|个[ge4],輪|轮[lun2]",,
549,3-549,月亮,yue4 liang5,moon,,
550,3-550,越,yue4,to exceed; to climb over; to surpass; the more... the more,,
551,3-551,云,yun2,(classical) to say,,
552,2-273,运动,yun4 dong4,movement; campaign; CL: 場|场[chang3]; sports,,
553,1-138,在,zai4,(located) at; (to be) in; to exist; in the middle of doing sth; (indicating an action in progress),,
554,2-275,再,zai4,"again; once more; re-; second; another; then (after sth, and not until then)",,
555,1-139,再见,zai4 jian4,goodbye; see you again later,,
556,2-277,早上,zao3 shang5,early morning; CL:個|个[ge4]; Good morning!,,
557,1-140,怎么,zen3 me5,how?; what?; why?,,
558,1-141,怎么样,zen3 me5 yang4,how?; how about?; how was it?; how are things?,,
559,3-559,站,zhan4,station; to stand; to halt; to stop; branch of a company or organisation,,
560,2-280,张,zhang1,"to open up; to spread; sheet of paper; classifier for flat objects, sheet; classifier for votes",,
561,3-561,长,zhang3,chief; head; elder; to grow; to develop,,
562,2-281,丈夫,zhang4 fu5,husband; CL:個|个[ge4],,
563,3-563,着急,zhao2 ji2,to worry; to feel anxious,,
564,2-282,找,zhao3,to try to find; to look for; to call on sb; to find; to seek; to return; to give change,,
565,3-565,照顾,zhao4 gu5,to take care of; to show consideration; to attend to; to look after,,
566,3-566,照片,zhao4 pian4,"photo; photograph; picture; CL:張|张[zhang1],套[tao4],幅[fu2]",,
567,3-567,照相机,zhao4 xiang4 ji1,"camera; CL:個|个[ge4],架[jia4],部[bu4],台[tai2],隻|只[zhi1]",,
568,1-142,这,zhe4,"this; these; (commonly pr. zhei4 before a classifier, esp. in Beijing)",,
568,1-142,这儿,zhe4 r5,here,,
569,2-284,着,zhe5,"particle attached after verb to indicate action in progress, like -ing ending",,
570,2-285,真,zhen1,really; truly; indeed; real; true; genuine,,
571,2-286,正在,zheng4 zai4,in the process of (doing something or happening); while (doing),,
572,2-287,知道,zhi1 dao5,to know; to be aware of,,
573,3-573,只,zhi3,only; merely; just; but,,
574,1-143,中国,Zhong1 guo2,China; Middle Kingdom,,
575,3-575,中间,zhong1 jian1,between; intermediate; mid; middle,,
576,1-144,中午,zhong1 wu3,noon; midday; CL:個|个[ge4],,
577,3-577,终于,zhong1 yu2,at last; in the end; finally; eventually,,
578,3-578,种,zhong3,"abbr. for 物種|物种, genus; race; seed; breed; species; strain; kind; type; has guts (i.e. courage); nerve; classifier for types: kind, sort; classifier for languages",,
579,3-579,重要,zhong4 yao4,important; significant; major,,
580,3-580,周末,zhou1 mo4,weekend,,
581,3-581,主要,zhu3 yao4,main; principal; major; primary,,
582,1-145,住,zhu4,to live; to dwell; to stay; to reside; to stop,,
583,3-583,祝,zhu4,invoke; pray to; wish; to express good wishes; surname Zhu,,
584,3-584,注意,zhu4 yi4,to take note of; to pay attention to,,
585,2-291,准备,zhun3 bei4,preparation; prepare,,
586,1-146,桌子,zhuo1 zi5,"table; desk; CL:張|张[zhang1],套[tao4]",,
587,1-147,字,zi4,letter; symbol; character; word; CL:個|个[ge4]; courtesy or style name traditionally given to males aged 20 in dynastic China,,
588,3-588,字典,zi4 dian3,dictionary; character dictionary; CL:本[ben3],,
589,3-589,自己,zi4 ji3,self; (reflexive pronoun); own,,
590,2-294,自行车,zi4 xing2 che1,bicycle; bike; CL:輛|辆[liang4],,
591,3-591,总是,zong3 shi4,always,,
592,2-295,走,zou3,"to walk; to go; to run; to move (of vehicle); to visit; to leave; to go away; to die (euph.); from; through; away (in compound verbs, such as 撤走); to change (shape, form, meaning)",,
593,2-296,最,zui4,most; the most; -est,,
594,3-594,最近,zui4 jin4,recent; recently; these days; latest; soon; nearest (of locations); shortest (of routes),,
595,1-148,昨天,zuo2 tian1,yesterday,,
596,2-298,左边,zuo3 bian5,left; the left side; to the left of,,
597,1-149,坐,zuo4,"to sit; to take a seat; to take (a bus, airplane etc); to bear fruit; surname Zuo",,
598,1-150,做,zuo4,to do; to make; to produce; to write; to compose; to act as; to engage in; to hold (a party); to be; to become; to function (in some capacity); to serve as; to be used for; to form (a bond or relationship); to pretend; to feign; to act a part; to put on appearance,,
599,3-599,作业,zuo4 ye4,school assignment; homework; work; task; operation; to operate; CL:個|个[ge4],,
600,3-600,作用,zuo4 yong4,"to act on; to affect; action; function; activity; impact; result; effect; purpose; intent; to play a role; corresponds to English -ity, -ism, -ization; CL:個|个[ge4]",,